1,2021-01-01T12:00:00,2021-01-15T12:00:00
2,2021-01-15T12:00:00,2021-01-29T12:00:00
3,2021-01-29T12:00:00,2021-02-12T12:00:00
4,2021-02-12T12:00:00,2021-02-26T12:00:00
5,2021-02-26T12:00:00,2021-03-12T12:00:00
6,2021-03-12T12:00:00,2021-03-26T12:00:00
7,2021-03-26T12:00:00,2021-04-09T12:00:00
8,2021-04-09T12:00:00,2021-04-23T12:00:00
9,2021-04-23T12:00:00,2021-05-07T12:00:00
10,2021-05-07T12:00:00,2021-05-21T12:00:00
11,2021-05-21T12:00:00,2021-06-04T12:00:00
12,2021-06-04T12:00:00,2021-06-18T12:00:00
13,2021-06-18T12:00:00,2021-07-02T12:00:00
14,2021-07-02T12:00:00,2021-07-16T12:00:00
15,2021-07-16T12:00:00,2021-07-30T12:00:00
16,2021-07-30T12:00:00,2021-08-13T12:00:00
17,2021-08-13T12:00:00,2021-08-27T12:00:00
